lad_code,healthy_people_domain_score,healthy_people_domain_rank,healthy_people_domain_quantiles
W06000021,-15.900725784224436,1,1
W06000003,-9.364077326177643,5,2
W06000005,-7.62244163270546,6,3
W06000006,0.3916895196441862,12,6
W06000001,-6.6781384060008255,7,3
W06000008,-14.102377278246564,2,1
W06000023,-10.302824391207274,4,2
W06000002,-10.409665701545212,3,1
W06000004,2.6495182759981355,15,7
W06000015,-1.5608763535557224,10,5
W06000009,-6.11574256168784,8,4
W06000022,3.3255983484571985,16,8
W06000024,21.11996370504485,22,10
W06000016,11.902776574213656,19,9
W06000010,0.3644954388233022,11,5
W06000013,7.444053058760998,17,8
W06000011,1.542840846294077,13,6
W06000014,-5.53398063121937,9,4
W06000020,2.0936534247336045,14,7
W06000019,14.387308209400546,21,10
W06000018,13.862352885596255,20,10
W06000012,8.506599779603567,18,9
