lad_code,vulnerability_domain_score,vulnerability_domain_rank,vulnerability_domain_quantiles
W06000001,0.2848528644977188,19,9
W06000002,0.41315740439678483,21,10
W06000003,0.29023168518347897,20,10
W06000004,0.07650874053760542,15,7
W06000005,-0.28457727375329245,3,1
W06000006,-0.15172752686645796,7,3
W06000008,0.609726102466995,22,10
W06000009,0.15852438358866888,17,8
W06000010,0.151431836440525,16,8
W06000011,-0.10854887356315535,10,5
W06000012,-0.33554927145071495,2,1
W06000013,-0.2096846433908997,5,2
W06000014,-0.2519473697495129,4,2
W06000015,0.062124005512719155,14,7
W06000016,-0.13541534287591853,9,4
W06000018,-0.3606402489615419,1,1
W06000019,-0.04284204411198089,12,6
W06000020,-0.16358815986302688,6,3
W06000021,-0.14927747661836407,8,4
W06000022,-0.010877265055979414,13,6
W06000023,0.2397887083809386,18,9
W06000024,-0.08167023474458808,11,5
