weight,lad_code
0.37302382701685266,W06000001
0.6797598606492612,W06000002
0.34343063848535255,W06000003
0.06522034038213927,W06000004
-0.3295267202888529,W06000005
-0.25095448778570145,W06000006
0.8048152395958547,W06000008
0.41303613000641604,W06000009
0.30523571247675646,W06000010
-0.12640568857327075,W06000011
-0.331261658181017,W06000012
-0.3993826409238158,W06000013
-0.48885094227064135,W06000014
-0.10792174021480958,W06000015
-0.1831965429076001,W06000016
-0.3613423674055861,W06000018
-0.09444895325118036,W06000019
-0.46865513878707266,W06000020
-0.17230211203251755,W06000021
-0.14148446356316374,W06000022
0.30946717923098677,W06000023
0.16174452834161027,W06000024
