nms,weight
access_to_service,0.146286841595939
disability,0.149797993624551
elderly_population,0.173813890367595
housing,0.174123361638556
living_alone,0.126831946674549
