lad_code,vulnerability_domain_score,vulnerability_domain_rank,vulnerability_domain_quantiles
W06000001,0.29158085426243874,18,9
W06000002,0.3644136888795705,21,10
W06000003,0.32065674777329056,20,10
W06000004,-0.004391287825789868,12,6
W06000005,-0.11818680333335291,8,4
W06000006,-0.09015553941504151,10,5
W06000008,0.5126143804254232,22,10
W06000009,0.30368673835789795,19,9
W06000010,0.17605601355896514,16,8
W06000011,-0.11063932419390958,9,4
W06000012,-0.3831064788344247,1,1
W06000013,-0.19883202440619988,7,3
W06000014,-0.2196093812073781,6,3
W06000015,0.002274597289273428,14,7
W06000016,-0.22688017492793444,5,2
W06000018,-0.29036952447586584,3,1
W06000019,-0.30382942981400896,2,1
W06000020,-0.24652199552121265,4,2
W06000021,0.018700615269575848,15,7
W06000022,-0.0222275582921411,11,5
W06000023,0.22613029251209982,17,8
W06000024,-0.0013644060812752212,13,6
