lad_code,de_domain_score,de_domain_rank,de_domain_quantiles
N09000001,-0.30291518753716246,6,5
N09000002,-1.7849187369794384,2,1
N09000003,3.902360911885371,11,10
N09000004,0.5788374300410564,7,6
N09000005,1.3370349814294518,9,8
N09000006,-1.4025602137730555,3,2
N09000007,-0.9415520860038735,5,4
N09000008,0.6369050966364668,8,7
N09000009,-3.4010021797135552,1,1
N09000010,-1.1023874011723234,4,3
N09000011,2.4801973851870613,10,9
