nms,weight
access_to_internet,0.122192462006057
charities,0.196329651986118
community_assets,0.169465994607619
la_spending_power,0.209558359322144
