lad_code,healthy_people_domain_score,healthy_people_domain_rank,healthy_people_domain_quantiles
N09000001,-1.50910361417998,5,4
N09000002,-7.9486979904436135,2,1
N09000003,9.56306099730874,10,9
N09000004,4.555623061374068,8,7
N09000005,4.852434165767367,9,8
N09000006,1.7576314637354322,6,5
N09000007,-4.62936773677695,4,3
N09000008,3.711809255333156,7,6
N09000009,-14.78063067330954,1,1
N09000010,-7.182576935106601,3,2
N09000011,11.609818006297937,11,10
